Dimension,heart,diet,depression,heart_inverse
dim3_3,0.00390625,0.44921875,0.76171875,0.99609375
dim3_5,0.00390625,0.45703125,0.76953125,0.99609375
dim4_3,0.00390625,0.45703125,0.75390625,0.99609375